{"loss": 0.04158671200275421, "_timestamp": 1704806993.6699169, "_runtime": 15.1839439868927, "_step": 19, "_wandb": {"runtime": 14}}
