{"loss": 0.04158671200275421, "_timestamp": 1704806761.529502, "_runtime": 18.935683965682983, "_step": 19, "_wandb": {"runtime": 19}}
