{"loss": 0.04158671200275421, "_timestamp": 1704803814.792577, "_runtime": 18.2222740650177, "_step": 19, "_wandb": {"runtime": 19}}
