{"loss": 0.04158671200275421, "_timestamp": 1704806847.088704, "_runtime": 15.391229152679443, "_step": 19, "_wandb": {"runtime": 14}}