{"loss": 0.04158671200275421, "_timestamp": 1704801651.563626, "_runtime": 27.595608949661255, "_step": 19, "_wandb": {"runtime": 28}}