{"loss": 0.04158671200275421, "_timestamp": 1704805998.0400121, "_runtime": 17.794426202774048, "_step": 19, "_wandb": {"runtime": 18}}
