{"loss": 0.04158671200275421, "_timestamp": 1704806913.7093701, "_runtime": 14.8576021194458, "_step": 19, "_wandb": {"runtime": 14}}
